community,dummy account in community（node colour is green）,honeypot creates who are the members of community（node colour is red）
1,"{name:0xd5f2804b67337162c16ed221ee6a7df6623699e1,desc:EOA make Txns with Honeypots creators}","[{name:0x310bac40376b399d87b4361830409b1ccdb0c5ff,desc:Honeypots creators},{name:0x00b1431750b159a67fff0b59dddba8fd8831ba10,desc:Honeypots creators},{name:0x9d403e4791a8cb1bd4a740c43bd553d35a325de5,desc:Honeypots creators}]"
2,"{name:0xf3b9d25650da00d150b694f08bbb4a2a940f3533,desc:EOA make Txns with Honeypots creators}","[{name:0xf7ab0d129af074a50e2dcf849222a67549bebbcd,desc:Honeypots creators},{name:0xd99ebf6ce13c7d0521a464ede10f9a722e118c9d,desc:Honeypots creators},{name:0x195fe2f9fab4ff395f12b38518824c4c5c294e52,desc:Honeypots creators},{name:0x1fb3acdba788ca50ce165e5a4151f05187c67cd6,desc:Honeypots creators},{name:0x022ce60a24e9063f2942ea962b0fe1a1f98ac83b,desc:Honeypots creators},{name:0x8451552ea9707f5d660ce43b7e475e1351132a2d,desc:Honeypots creators}]"
3,"{name:0x00a329c0648769a73afac7f9381e08fb43dbea72,desc:EOA make Txns with Honeypots creators}","[{name:0x444c2f2c70854d7830bcf40cf447eac9e63b7b1f,desc:Honeypots creators},{name:0x0061d5848aff3efe4696e728ecf6ff6063e9cb81,desc:Honeypots creators},{name:0xc382c11aacf15903442f895cadff17ba2667708a,desc:Honeypots creators}]"
4,"{name:0x08983eb6467d9f9e48007326eabc3b609570d417,desc:EOA make Txns with Honeypots creators}","[{name:0x022ce60a24e9063f2942ea962b0fe1a1f98ac83b,desc:Honeypots creators},{name:0x9e32d0d5cd2f58cbcdf44f7406224b7d771c522e,desc:Honeypots creators},{name:0x75de3116c3b4ab4c27c1d1bb4f17056b2d4ebcb8,desc:Honeypots creators},{name:0x560e062716a2d3f89183790836f0cfea4b5b91b5,desc:Honeypots creators}]"
5,"{name:0x4e583c3bf252a56ce7a656d274ac2ab10aebc2f1,desc:EOA make Txns with Honeypots creators}","[{name:0x2d753cc3a966232922701779510618306ee5f8ee,desc:Honeypots creators},{name:0x40a42a1c606e787750469914e5eb1d4b0e7e7fe7,desc:Honeypots creators},{name:0x1a0b3d26573aa1638a2b595f018ce0f94b260314,desc:Honeypots creators},{name:0x1ccf25c0a2972a84f45325bb8efc1442624d191b,desc:Honeypots creators},{name:0xbecd35621c7ec7ec0f8843dbd7208c00c48ae72a,desc:Honeypots creators},{name:0xcf2d2e22888aca3b953ae7c643c5073e6b0c370d,desc:Honeypots creators},{name:0x9ae925415953bb3a20fef7823f6270f3c2b68a60,desc:Honeypots creators},{name:0x9e616e8a98d2ccecf39e1adfa3930fb0f81ab3fc,desc:Honeypots creators},{name:0xa158a23cc53498d50c8053de5367c41e092b435d,desc:Honeypots creators},{name:0xb47502a2ae9dd93647bc16a5512b5b7c456edc8a,desc:Honeypots creators},{name:0x71447b83ce9d9b7c0b572ff18ce171e366f33754,desc:Honeypots creators},{name:0x4e95208664bb62fed4098c288f731716dc53608c,desc:Honeypots creators},{name:0x4e502349d473d48b298a9c528e8f978342074812,desc:Honeypots creators},{name:0x5eb21b8de3cba6ed1c32d3f073b25e8dad67f7e0,desc:Honeypots creators},{name:0x5a18cce1840c99e1aaf47bf5d7724ed17743b0f3,desc:Honeypots creators}]"
6,"{name:0x61fc275686352cda6668b9b5cf9b81713260de01,desc:EOA make Txns with Honeypots creators}","[{name:0x32a0e1040f79a3b567e9e2def16d481c43f9d78b,desc:Honeypots creators},{name:0x9b9df20988fa822b5b883564d460731d318b79d2,desc:Honeypots creators},{name:0xa8925487055fb8218836a82b83d0233db61f0cde,desc:Honeypots creators}]"
7,"{name:0x65e48ff0a4e9a920422049d8c8e3e34d577a6d36,desc:EOA make Txns with Honeypots creators}","[{name:0x564a8437389a4d71d9340cfdd690344f03acacc2,desc:Honeypots creators},{name:0x530d5d3df803c913bd69ae7afe3cc2ca3337de31,desc:Honeypots creators},{name:0x653e84ba1c7af5cb15cb568def5f1dfa34e975ca,desc:Honeypots creators}]"
8,"{name:0x68e5cfe5ca729b6b541dbcae667bd06201aa4a1e,desc:EOA make Txns with Honeypots creators}","[{name:0xefed3d97f6961770a8ebcc5d4587a3fd21d12100,desc:Honeypots creators},{name:0x3692e198f5aa6ce18a1420bc194d037af2370c17,desc:Honeypots creators},{name:0x30ad12df80a2493a82ddfe367d866616db8a2595,desc:Honeypots creators}]"
9,"{name:0xa64ed2a497e86265764d029e05592f5ef60bcc0c,desc:EOA make Txns with Honeypots creators}","[{name:0xff26f7cc57f8b9909e82b782302b8c8bac28bdb1,desc:Honeypots creators},{name:0x2d185ac8c557d3f02220ced9c792b077b8fb1768,desc:Honeypots creators},{name:0x088430ad556235b7ab4263173778381987c04152,desc:Honeypots creators},{name:0x1cb1ca22f865ae355a037a613439a2ae6f9586a9,desc:Honeypots creators},{name:0x56245aac938841687c0e2581c9e034b534048c3e,desc:Honeypots creators},{name:0x54da6d9aaf032ef7df1b239594ea798658830d33,desc:Honeypots creators},{name:0x5dadb98a728fca7b0f7038239e647f44ae274aea,desc:Honeypots creators}]"
10,"{name:0xa6f870d33684d94b3f5af2a8c3d80ae38d43d282,desc:EOA make Txns with Honeypots creators}","[{name:0xace4e261d21ea8ed1784e5f730878e0fd90e145d,desc:Honeypots creators},{name:0xb4a24501330bffff0436af0349c1295ccb1d5364,desc:Honeypots creators},{name:0x7da7d57fc7b92cb13e167ac74948a45bc2e57daa,desc:Honeypots creators}]"
11,"{name:0xaecf37061ff1ecc7cdb103489ce14b55d3702877,desc:EOA make Txns with Honeypots creators}","[{name:0xf41bf2e122aebe3bd3684b3eea3fe8f368f55946,desc:Honeypots creators},{name:0xf08071407a542e59d5dbd05bf21452900965f63a,desc:Honeypots creators},{name:0x43f9179a72d88182891502af8e80c32c7365e62b,desc:Honeypots creators},{name:0x29048adf0a90e3c7c55aeb130cf61684182b89da,desc:Honeypots creators},{name:0xcf526c0f993632e3cf7ed574159cfd854685d6cc,desc:Honeypots creators},{name:0x99efd9299b632d2a20ec2184c2f0b6e45b2fe60a,desc:Honeypots creators}]"
12,"{name:0xb7605ddc0327406a7ac225b9de87865e22ac5927,desc:EOA make Txns with Honeypots creators}","[{name:0x005b79a5f64cf2077708c2b25855dcce3782d04e,desc:Honeypots creators},{name:0x0025b6528b858db284761cd41be356f579fdc7cd,desc:Honeypots creators},{name:0x007e85ff4d8fc8109a0bd8aa651825297480167e,desc:Honeypots creators},{name:0x00dddbf1b8c9f6cf814699a8f5d5348a601edd77,desc:Honeypots creators}]"
