EOA,lable,address_type
0x00138888221a216e5c865986a6e421ef6def30ea,EOA trapped by Honeypots,EOA
0x001c61662c21048efdab47e9afc638ff21b5af10,EOA trapped by Honeypots,EOA
0x003be5df5fef651ef0c59cd175c73ca1415f53ea,EOA trapped by Honeypots,EOA
0x00a0d727fe2a08e9c33613949d2268822534608b,EOA trapped by Honeypots,EOA
0x00a4cc5f9a797da9caf773a629b917ddd24496b0,EOA trapped by Honeypots,EOA
0x00db790b039600f10249998e2c55514b73d8c17b,EOA trapped by Honeypots,EOA
0x00e66431a638f1dc55a0fb7513a1f8a7382052bf,EOA trapped by Honeypots,EOA
0x00f2383317ed3ae77a237e293e519822f438f5b3,EOA trapped by Honeypots,EOA
0x04528fb91840ce4bcfc7390919a455d530da8ecb,EOA trapped by Honeypots,EOA
0x045651324bc191d947766e1ddac7b43e8490a25e,EOA trapped by Honeypots,EOA
0x04b0c229c527d6a76c1070d4789c8b626ae320f0,EOA trapped by Honeypots,EOA
0x04cea295cd9fce938b3ba608bb41629963b17360,EOA trapped by Honeypots,EOA
0x05717559f79c1446344590eca181166d94b539af,EOA trapped by Honeypots,EOA
0x064f8babd88fb2508f717daa853c6a46968b0222,EOA trapped by Honeypots,EOA
0x06c0b5ca01c5b5c851054d25537b5278bf3569d2,EOA trapped by Honeypots,EOA
0x08c258cc25b8e145b5272579718209fdcc8d9bcb,EOA trapped by Honeypots,EOA
0x09d30df9ea66e2441a0aef64aed3c2eaee835c19,EOA trapped by Honeypots,EOA
0x0a26a7bdd83680975db3d758e28107e976b0558b,EOA trapped by Honeypots,EOA
0x0a3239799518e7f7f339867a4739282014b97dcf,EOA trapped by Honeypots,EOA
0x0a9aa04cc5300779efb00b8826c2a2e90ff4e710,EOA trapped by Honeypots,EOA
0x0ae9c6bea2ebfa7657d19ee7a7fcd7939e024c20,EOA trapped by Honeypots,EOA
0x0b7042b1dc787508952b146cac660ec2212604da,EOA trapped by Honeypots,EOA
0x0bed9ce3f46bfc360ecf41e56b748b380af5041a,EOA trapped by Honeypots,EOA
0x0d29b99d83d46c7d4a3b05fd499fc566957c5bdb,EOA trapped by Honeypots,EOA
0x0d7693a07b6cd96c88fa23478accab5d8836ac2b,EOA trapped by Honeypots,EOA
0x0d9881138a694b9e1983a5dd46f0ac00f2e8915a,EOA trapped by Honeypots,EOA
0x0de06a354650b9dba0c5332282dcf2dde7a7d316,EOA trapped by Honeypots,EOA
0x0e0599337ff55f46bb6de4d77ae461c7faf34c70,EOA trapped by Honeypots,EOA
0x0e086a818dc0e154c114ff5b5b5bd09dfb8a35e5,EOA trapped by Honeypots,EOA
0x0e422ece4f91718e3506900eed3acba25a58be7b,EOA trapped by Honeypots,EOA
0x0e42d32dcc5b83a9bc74523af3b8c3a3b4cf107f,EOA trapped by Honeypots,EOA
0x0ec1da373ad378a586ba4b2e3fb2c5ec7740611e,EOA trapped by Honeypots,EOA
0x0ee0bde5a3e6fe4e72fe92ae78254de038b251f2,EOA trapped by Honeypots,EOA
0x0ee65a5278d198fcc6129d85baea5a9ae00249d7,EOA trapped by Honeypots,EOA
0x0f31c4df4ff985b35379d010bc9e6d290121e35b,EOA trapped by Honeypots,EOA
0x0f7308cf97ca10c6c02718813e3c88a50e838e85,EOA trapped by Honeypots,EOA
0x0fa9b3a07c796bc78981b2e9d546c75d6da1848a,EOA trapped by Honeypots,EOA
0x106b1b5a20acbb8c4a1c4b9230d8fa2360677972,EOA trapped by Honeypots,EOA
0x109c1a93948f3eacb4f78104bbc48e0ff654c81d,EOA trapped by Honeypots,EOA
0x1151d9eda4d6415b57851f39894c0bc69134e86c,EOA trapped by Honeypots,EOA
0x12033d5e99e07bd50129bcac69ccffc96c0f27de,EOA trapped by Honeypots,EOA
0x121fbf42793fa5848d4b17551369ec89524b54a2,EOA trapped by Honeypots,EOA
0x12a1e8f498501c2cce0967f8b9717b28492fc668,EOA trapped by Honeypots,EOA
0x13377e12a6bfc0c6285b216917e330e0dbfa3df2,EOA trapped by Honeypots,EOA
0x13942b4ba4ea40ba303aa86a858ae63ee8f341aa,EOA trapped by Honeypots,EOA
0x13b6aa56a834d0af398ebb69dbb5e568311a5896,EOA trapped by Honeypots,EOA
0x14a0591a30180240f18d9ffceac0c22f81e2327f,EOA trapped by Honeypots,EOA
0x14abee311d53441f9198f69cbc925117e7f1a833,EOA trapped by Honeypots,EOA
0x151ef3d2adb56b574fc62fac88fc98be05dc659a,EOA trapped by Honeypots,EOA
0x153685a03c2025b6825ae164e2ff5681ee487667,EOA trapped by Honeypots,EOA
0x1563866479a323ac1153f00fd493b44468ca38c2,EOA trapped by Honeypots,EOA
0x166151353bb6c211e87f668d380fba7f818e9167,EOA trapped by Honeypots,EOA
0x16c25d8113f6f87bc19e663b0135ca4aecb8f88f,EOA trapped by Honeypots,EOA
0x174351f78a8573e0751337cb78eaba7d48cb2db4,EOA trapped by Honeypots,EOA
0x190a2409fc6434483d4c2cab804e75e3bc5ebfa6,EOA trapped by Honeypots,EOA
0x1989f933b44dbec669ffa610acf66c540b29440f,EOA trapped by Honeypots,EOA
0x19c16bfadf1e2412ec98afa694ee71a0ddcd309c,EOA trapped by Honeypots,EOA
0x19f97651d315822791b5467c16aac0fe7afe06cf,EOA trapped by Honeypots,EOA
0x1a3cf1b5d8a3f86326e9b7431108e8665865e09d,EOA trapped by Honeypots,EOA
0x1a947deed57e4ed902fab362c8689a5818f84a62,EOA trapped by Honeypots,EOA
0x1c180f637927384465a3c43e03d2dce18a892fda,EOA trapped by Honeypots,EOA
0x1c408a5615b50860b56ba34472a1f99ab9fd8a77,EOA trapped by Honeypots,EOA
0x1d156b1c0a237b096eb82f54f7fd504be613435f,EOA trapped by Honeypots,EOA
0x1d634e0431e564c6295cca6aaae98d88600c72a0,EOA trapped by Honeypots,EOA
0x1d971732ec0fc7223204a34d5e915fa502c893ed,EOA trapped by Honeypots,EOA
0x1db4d24f48b3cced0cd29591265e78e19952c6b6,EOA trapped by Honeypots,EOA
0x1e2289562d0a9fe0dc0268ef124766363b85afc1,EOA trapped by Honeypots,EOA
0x1fbb2d5aa97e5ffde30058223a7a324538db3f45,EOA trapped by Honeypots,EOA
0x20026dd3463598f5356848c26c888148b156504f,EOA trapped by Honeypots,EOA
0x20395293259ee495beba75c0739ebd7b1d2ee937,EOA trapped by Honeypots,EOA
0x2041c60347ba953d3715c8519a12345b69cf7168,EOA trapped by Honeypots,EOA
0x207a34260cf4afbe6df2b51d5e61ce7d6db45641,EOA trapped by Honeypots,EOA
0x20920c6df10c08ff92d74143a86a330185a726bf,EOA trapped by Honeypots,EOA
0x209d96a964cc93675c2beb3d33273b3810c16209,EOA trapped by Honeypots,EOA
0x211b445410b8f27be43c8033f798a11188310769,EOA trapped by Honeypots,EOA
0x21758e2e109b4fbbdac2ce584a596ed3e060cb57,EOA trapped by Honeypots,EOA
0x21c5e347d8aaf192175d3154fadc124d021a23f3,EOA trapped by Honeypots,EOA
0x21d6df0fe85d701cad6732c59f9df99bc617be93,EOA trapped by Honeypots,EOA
0x21d70fac79abf6a765c14d0388b17a693f6260cf,EOA trapped by Honeypots,EOA
0x21e8ba6242a3389bee86557058fd62695bfb8e01,EOA trapped by Honeypots,EOA
0x236a8fae06e6085b54c6700d492f41344783e9a8,EOA trapped by Honeypots,EOA
0x23d2ec7e8e1378765ec9fae4a0d0761861d8bc34,EOA trapped by Honeypots,EOA
0x2452a4c96c0cfef8c3374f6f1f0c99e9e88d89d8,EOA trapped by Honeypots,EOA
0x24a31567a1961425356b5b5da0fe22250a0e6245,EOA trapped by Honeypots,EOA
0x2501d99856a02eda8a697a17650c5f4c1c418544,EOA trapped by Honeypots,EOA
0x252d7c6b54d1d4c5181c88bc1ffb0a85336a23c1,EOA trapped by Honeypots,EOA
0x26b13cb506f25113517f09c0d8f0493dba2cb699,EOA trapped by Honeypots,EOA
0x273e4dffc537d8aaf03fdcb8b1c2625ab30e489f,EOA trapped by Honeypots,EOA
0x27659614db9cfa0f27329315f6c85f4e118da231,EOA trapped by Honeypots,EOA
0x27e904074bcffbfe79b791d3440716e966b83351,EOA trapped by Honeypots,EOA
0x2829f8689dc90a60b1d011af2dfb0cf859bd4c48,EOA trapped by Honeypots,EOA
0x2879907424124c4007a50b09cc64dfd2942ec501,EOA trapped by Honeypots,EOA
0x289dfb94c3e0acca87068ee2d7b6b9fab4743770,EOA trapped by Honeypots,EOA
0x28d86edf493454766193bc2a67d41d9abe05ca36,EOA trapped by Honeypots,EOA
0x293493dc8a6379a9913b1b1f579a0c90f7d99a49,EOA trapped by Honeypots,EOA
0x29a9c76ad091c015c12081a1b201c3ea56884579,EOA trapped by Honeypots,EOA
0x2a7d6545daa76bf35140fc023c8ea82c71e57ead,EOA trapped by Honeypots,EOA
0x2abf01537a87369948f4869a1de1e8cf2ad8ad1f,EOA trapped by Honeypots,EOA
0x2c51ce74de7e32915ed140441519e2948d618419,EOA trapped by Honeypots,EOA
0x2c61a2dcb4177eaa723585c04af2077639a11fe7,EOA trapped by Honeypots,EOA
0x2c6a39c214f556c30e86566c36f8c0ccf39d137a,EOA trapped by Honeypots,EOA
0x2ce2b8f1d6f8322972110f3378a4aacf07fe5d45,EOA trapped by Honeypots,EOA
0x2cfdc3b563b2448e7a5c3c77e6c52515d8d2ff8b,EOA trapped by Honeypots,EOA
0x2d45ee70421bb13aff7dc43361c4290b41a402c6,EOA trapped by Honeypots,EOA
0x2dd96a23e4056e7d4fa16f5a9d1c76cc4d51d192,EOA trapped by Honeypots,EOA
0x2e6236591bfa37c683ce60d6cfde40396a114ff1,EOA trapped by Honeypots,EOA
0x2e8ea60d415a93abcdede019d6a15becc9f2274a,EOA trapped by Honeypots,EOA
0x2f7a2e777fcaa669ab3f10f58466190a6d169f17,EOA trapped by Honeypots,EOA
0x2faea7e734acae57b16325dd7aa9e089a587aa79,EOA trapped by Honeypots,EOA
0x2ff38a6b96188ef74174ffdf706317158edaf032,EOA trapped by Honeypots,EOA
0x2ffd10c4702ceaae70b83cc463018243114e134c,EOA trapped by Honeypots,EOA
0x3078dc4eb05f1d8f7d9482d795f59cc10017297c,EOA trapped by Honeypots,EOA
0x3085ec50eb94e6fa9f60a0aa50974c08f5b1e044,EOA trapped by Honeypots,EOA
0x3112cbd09006d59435f98e73dcafd934d1bed79e,EOA trapped by Honeypots,EOA
0x314159269c401849277192418bb137d9887cccbe,EOA trapped by Honeypots,EOA
0x32288683e67370085db0d2609e482990f0fe9675,EOA trapped by Honeypots,EOA
0x32373645359c9ccf1bd2d63afd153ff65d41a404,EOA trapped by Honeypots,EOA
0x32580a025f0c53f9d25c982bd1c80bdb12d7bf13,EOA trapped by Honeypots,EOA
0x325a07ef9fb9a57542e59ec3c32af0f3d07fdbc8,EOA trapped by Honeypots,EOA
0x3292eea075623757a0cf5f2f269a6a582ef7e34c,EOA trapped by Honeypots,EOA
0x329db34441862d46b0fb3256262f1b4dac69af8b,EOA trapped by Honeypots,EOA
0x32d44eb29091edd069167d10b358084d4482e3df,EOA trapped by Honeypots,EOA
0x32f9568fec0c38de65324719e2ddd38d787b6e1f,EOA trapped by Honeypots,EOA
0x333ad11501e2a8123cfaf18d99edb494921b1eaf,EOA trapped by Honeypots,EOA
0x335234f66bfacf1482c2c34acfdd535f3ad2a79a,EOA trapped by Honeypots,EOA
0x33ce6e0415e0de02e182b57594d656ad8220c0a9,EOA trapped by Honeypots,EOA
0x33dc56df62d7851584d5a2b45261fb9ea1119151,EOA trapped by Honeypots,EOA
0x3443d2baac81c6f11649bf04f5dbd5eaf7d1d8a7,EOA trapped by Honeypots,EOA
0x3464c2bd3d9a51fe011bbb4a89d736b629f0e78a,EOA trapped by Honeypots,EOA
0x347935f261eb69c01728e68191689580a668a12a,EOA trapped by Honeypots,EOA
0x3535cdc4f9451aaa9f1acdf92a83167028c449e0,EOA trapped by Honeypots,EOA
0x35b1e4c7030858796161129b0648da8db99edb3c,EOA trapped by Honeypots,EOA
0x35eaa759b7584f7f8ce049e4efe9f109da6db660,EOA trapped by Honeypots,EOA
0x3711d39f840888d289dfe449abbb533e8b6390bb,EOA trapped by Honeypots,EOA
0x37a9596d8648e4b677beaeebc3e1dd2bbf88d859,EOA trapped by Honeypots,EOA
0x37e7e09a5c4f2d3e4d9d54cf995f20aa74cf6d56,EOA trapped by Honeypots,EOA
0x380606b62e78b1a2d60ec74b05fa244cf7db381c,EOA trapped by Honeypots,EOA
0x382940f956c5fef3fea448944fbb44778cccdaa1,EOA trapped by Honeypots,EOA
0x38a634f4bd7087d8c283c89397088bb0fdbaee29,EOA trapped by Honeypots,EOA
0x38f555cf353f05824fec7b88b459a6f8c1f6b0b9,EOA trapped by Honeypots,EOA
0x3a2a1b22023ec4de011c76312daa969eccc4f249,EOA trapped by Honeypots,EOA
0x3be707db91c31fc43105853cc6db059e0d385cbf,EOA trapped by Honeypots,EOA
0x3c327d8f1e4093985f3de97e5c488ab8ea35fb58,EOA trapped by Honeypots,EOA
0x3d089089313e11cc78ba170e6739a3962f00149e,EOA trapped by Honeypots,EOA
0x3d1cf454aa8cc895a16c220c365ae8e150784dcd,EOA trapped by Honeypots,EOA
0x3d364da1f9ed4c263fe6208175e66954319ce9b1,EOA trapped by Honeypots,EOA
0x3d6ece242b1696ab8be17bf1a30ea9e98978ea64,EOA trapped by Honeypots,EOA
0x3e5d54d2bb93969d523f3855f0e2ba9db5729929,EOA trapped by Honeypots,EOA
0x3f9ed84ef180fae940ebf4bce4c4d70e2f751482,EOA trapped by Honeypots,EOA
0x3fd51473217cf4a556620523d9cc5e23e85e7c5f,EOA trapped by Honeypots,EOA
0x4084852bf9080b3a25120a37038bf3516b6bbab1,EOA trapped by Honeypots,EOA
0x409cdd62f29a10376d381cdb35f219ac05a42579,EOA trapped by Honeypots,EOA
0x40d06511caade7e5a06f56b70f397438b07edc33,EOA trapped by Honeypots,EOA
0x4136e9df046415825d2b78c1778a7ac20d076d7f,EOA trapped by Honeypots,EOA
0x413a72fabf1cdc09c1a3a1a4e5fa1cffc34eb155,EOA trapped by Honeypots,EOA
0x41aa6ddbc74c5faa732a71300701fae67c5a778c,EOA trapped by Honeypots,EOA
0x41d18a06d79395041f6de055922845ac2580a1de,EOA trapped by Honeypots,EOA
0x4297c334f3a9990d5a2c9be8d11c8897a164613f,EOA trapped by Honeypots,EOA
0x42e6ae9e91e36791f3bf44f7c98c800f020e636d,EOA trapped by Honeypots,EOA
0x435370bbdba56a72e22e276d6c8ef0632f3e2481,EOA trapped by Honeypots,EOA
0x4356b35c59f5cdc93e0e064781b359cb4d00dbeb,EOA trapped by Honeypots,EOA
0x43dbfbd548269ec6485317bd9adabccf3ca9292a,EOA trapped by Honeypots,EOA
0x43df743a9c38667985d4f5515af8b03e4ebced35,EOA trapped by Honeypots,EOA
0x44382eaa886d7cc9c2c228751fd56b41762c1bc0,EOA trapped by Honeypots,EOA
0x4469bc6bd2ba2acda7841c2350d0d1de7f26521f,EOA trapped by Honeypots,EOA
0x44bcb159a8ced0de0c243bab4a7ec6b69736d562,EOA trapped by Honeypots,EOA
0x4573c3d92588ccf859230bc44a34ec5dda4d1b95,EOA trapped by Honeypots,EOA
0x45752f3d6dbb3bc4cc758c7b408186d74acc8041,EOA trapped by Honeypots,EOA
0x459e03ecbe6078f9981765b8e7dd2106c4e369da,EOA trapped by Honeypots,EOA
0x46020f60385be7a0f226eab6ab65535171888476,EOA trapped by Honeypots,EOA
0x464ccb9ecffeb798544ba80e437d0150762f2d28,EOA trapped by Honeypots,EOA
0x46620457dd35591ac7e19e80cb655497322849d2,EOA trapped by Honeypots,EOA
0x46d9112533ef677059c430e515775e358888e38b,EOA trapped by Honeypots,EOA
0x4705938fcc700b04a72ed93122955482358a0c1d,EOA trapped by Honeypots,EOA
0x4753141445054f3f4dcda3ae7477758c0078377b,EOA trapped by Honeypots,EOA
0x478060dd904e21ac16d67c935aa7787258e11c3a,EOA trapped by Honeypots,EOA
0x47b5ed2279478151d1631014aa90f876fec4a136,EOA trapped by Honeypots,EOA
0x47e863b25c21cfd04ea1747e064b4367ae239f56,EOA trapped by Honeypots,EOA
0x48088a0fa362953d39fb1dbef670a9506325986f,EOA trapped by Honeypots,EOA
0x4834a077747db16b3abf98b46a209a279b78f140,EOA trapped by Honeypots,EOA
0x483f8823b3323eae33c6d0858ebe5344945b77a9,EOA trapped by Honeypots,EOA
0x48f9f2e731d4e5bbc72e51da13ee578035d563cc,EOA trapped by Honeypots,EOA
0x490e3fe1da9e7c05c0e3cb1685908b8d28e75ebe,EOA trapped by Honeypots,EOA
0x494952f01a30547d269aaf147e6226f940f5b041,EOA trapped by Honeypots,EOA
0x4967c05ae6256a34feeb101ccece2caacf40bfb0,EOA trapped by Honeypots,EOA
0x49b265923b9b7b8c505566851b1e8cf01199cd97,EOA trapped by Honeypots,EOA
0x4ac14e5e9b6bd85336c88b1f0ae05d6501788393,EOA trapped by Honeypots,EOA
0x4ad610b4a338c9d1c4820ecc53ebc68d35b35962,EOA trapped by Honeypots,EOA
0x4cc75db760a8606a1db546d589c3f169ecea1126,EOA trapped by Honeypots,EOA
0x4d9f0ce2893f2f1bc0a0f0ba60aee3176c9f5f91,EOA trapped by Honeypots,EOA
0x4dc33b5d6c3aa7f9825d369b92906ace4e5b26fe,EOA trapped by Honeypots,EOA
0x4e4f84e0985de361d17ceb62754208fa1298ded7,EOA trapped by Honeypots,EOA
0x4e688cbe4b8369ced97ef36b5441adbcb5238864,EOA trapped by Honeypots,EOA
0x4e7e1cb76305d75a5304da6e514f15e064514032,EOA trapped by Honeypots,EOA
0x4e8ffddb1403cf5306c6c7b31dc72ef5f44bc4f5,EOA trapped by Honeypots,EOA
0x4ea3a0be69de39cdaa5eca0d3f64b453ee551f07,EOA trapped by Honeypots,EOA
0x50003ee5117819d2c07ec74a319b19b84c73fdca,EOA trapped by Honeypots,EOA
0x5019f57497f57d66e67faf1e7ae91f3660775e3a,EOA trapped by Honeypots,EOA
0x5079cf658935aad7f08a3fc4c058b180732fceae,EOA trapped by Honeypots,EOA
0x50d0dc41f6b2a5c483db611839ef94f97061a6f7,EOA trapped by Honeypots,EOA
0x5138240e96360ad64010c27eb0c685a8b2ede4f2,EOA trapped by Honeypots,EOA
0x5270188a90dc748984bcfd4230cf9668de9d7673,EOA trapped by Honeypots,EOA
0x52b6341041565519b789f49d3b32f156a7d19ac1,EOA trapped by Honeypots,EOA
0x532b5db826cc78cc20aac10ba25ac9f580286516,EOA trapped by Honeypots,EOA
0x5421b0f2c4eddb76c3aa2d03a62c0b2bfb55ad94,EOA trapped by Honeypots,EOA
0x545fc0a3295334da7cbd3c510af2672f7d751e3f,EOA trapped by Honeypots,EOA
0x5479a9ec6386db424b563ef059fc127042543a5d,EOA trapped by Honeypots,EOA
0x553bb4933bdcc90af7581b89c23c943735710158,EOA trapped by Honeypots,EOA
0x561cbb53ba4d7912dbf9969759725bd79d920e2c,EOA trapped by Honeypots,EOA
0x56476e0ba5d0bf4425c74701d250d476c66037f8,EOA trapped by Honeypots,EOA
0x57b98eb3bfe2d1c2de64e0032ea2ba671195a8c0,EOA trapped by Honeypots,EOA
0x57fb054732068abc075e72b26b8ace60c1d28dcf,EOA trapped by Honeypots,EOA
0x589a81fb7b35a20071bd413d15a1e22cdfec619d,EOA trapped by Honeypots,EOA
0x58bc6b6212ebd12a328678d5b96822ae31c3c17e,EOA trapped by Honeypots,EOA
0x58d98f069ad7fb5fd1a741444544de5cf76427ec,EOA trapped by Honeypots,EOA
0x59160ebddb554c31dd84c6b62af7e087b04ad022,EOA trapped by Honeypots,EOA
0x59dbcfc50b8fab99b46ba7eabf9abdd0a24ce55b,EOA trapped by Honeypots,EOA
0x5a368e066da99b1d1e1927b74b2b289ccbef87a3,EOA trapped by Honeypots,EOA
0x5a4adf7566e43ce46798c3a248175fbf6b9ac7cd,EOA trapped by Honeypots,EOA
0x5a6b5956c3a1d47319fedb87f2b1b9e52e1f2743,EOA trapped by Honeypots,EOA
0x5a8bfdf6a49b421d1e9f2e590918a0c0bac4f732,EOA trapped by Honeypots,EOA
0x5ac3b54f7acea77afa2701be186e5e865f0f0539,EOA trapped by Honeypots,EOA
0x5ac4d2b192cbb136cb6c54d6035ccc65f001adfa,EOA trapped by Honeypots,EOA
0x5addd0dcdb114300a91788ea84d1b4ac9ae0db91,EOA trapped by Honeypots,EOA
0x5b2d7d6308eac9e326b9398baf8ba054b191783a,EOA trapped by Honeypots,EOA
0x5c10755f40a0f0c5d4c408728574d4d93720167f,EOA trapped by Honeypots,EOA
0x5d4fe11cd67cf21a5b7e75efb12388cd2c250b5a,EOA trapped by Honeypots,EOA
0x5dc905c625e43ced2a76c648f66ae9b98455f58d,EOA trapped by Honeypots,EOA
0x5e2073e67dc5e1132d2eb45affdd7944614c7959,EOA trapped by Honeypots,EOA
0x614db39ec1f53246e31ca595293dd7d322cdb570,EOA trapped by Honeypots,EOA
0x617057bf5415d81fe19f8ef2cbbe4a9ee4c46da9,EOA trapped by Honeypots,EOA
0x619cd9fb2067a15c1ca499fbf33ff0fd4e464051,EOA trapped by Honeypots,EOA
0x6229cf71deccb5d87767e747f5a5c7738db7e40f,EOA trapped by Honeypots,EOA
0x62de55d26d78650355954ee2f0fe75cb4d30814e,EOA trapped by Honeypots,EOA
0x63079021ad488425fd13774cd501d95d4358ae54,EOA trapped by Honeypots,EOA
0x63f4b41d6513dace8e3f6226ff1b5f007657fa3b,EOA trapped by Honeypots,EOA
0x63f7547ac277ea0b52a0b060be6af8c5904953aa,EOA trapped by Honeypots,EOA
0x642fbb45842764a9b5e56bfb1e9b0b1fd0ced490,EOA trapped by Honeypots,EOA
0x64b4bc5fcd15862438dc9557b26748c943c501d2,EOA trapped by Honeypots,EOA
0x64de3e853e71bbafd1610a6ed989562989f03f0b,EOA trapped by Honeypots,EOA
0x657768c0cc1e8e748d91fa970c4d4bbd51bfb3ca,EOA trapped by Honeypots,EOA
0x65a3ea42111d42103952f56de4591cf0c1011ddf,EOA trapped by Honeypots,EOA
0x65e48ff0a4e9a920422049d8c8e3e34d577a6d36,EOA trapped by Honeypots,EOA
0x65f102d4b19ce6215e6a3567b0d67cb18e831bb4,EOA trapped by Honeypots,EOA
0x65f53b9d60c2c97f11bb5544b5897f3e6512932c,EOA trapped by Honeypots,EOA
0x66093f6a9b40e018befd1aee6c53693f8ef5b77e,EOA trapped by Honeypots,EOA
0x6645170225cac79a92fbd63f484a2a329605475a,EOA trapped by Honeypots,EOA
0x6709554c6b78f0dd75c611d9a5056f5dcc6c14d2,EOA trapped by Honeypots,EOA
0x6722f0f181033db5ea7eccc3d9c06922edee3096,EOA trapped by Honeypots,EOA
0x68e5cfe5ca729b6b541dbcae667bd06201aa4a1e,EOA trapped by Honeypots,EOA
0x694abbe3ecebfa95c7939e329555e3627de8891c,EOA trapped by Honeypots,EOA
0x6a31313754e12cccec9c8a96f2bad02bee4a83bf,EOA trapped by Honeypots,EOA
0x6a50ac4aa9cd3d07ae1bc562e0b6aa74f4c1a4ef,EOA trapped by Honeypots,EOA
0x6bc2a53df6c7ba2460179abb5f943aa5b4c3e140,EOA trapped by Honeypots,EOA
0x6c388e7509fb44ddf18cd3cfb6234b9eba8da3fc,EOA trapped by Honeypots,EOA
0x6dec9e649b4117ba0375380569eb9c2111a4c262,EOA trapped by Honeypots,EOA
0x6fb5e5a4f0abd3d9076d7b4a416e1250c4639f7a,EOA trapped by Honeypots,EOA
0x6fb6a0d322f5ed01f1a05ef717297e4be8e3bfa1,EOA trapped by Honeypots,EOA
0x6fb8d61776b21f768535067b3481553ea8d0b509,EOA trapped by Honeypots,EOA
0x6fc54ccba579a540f89d562e4c915e9bea949268,EOA trapped by Honeypots,EOA
0x6fd098e40633887f72cd3997baa5f87ac01fbb57,EOA trapped by Honeypots,EOA
0x70341461e043f4bf14c70018ff25efb0a7dfeb64,EOA trapped by Honeypots,EOA
0x7040172c62165282cbdf958200c786d3548a9d49,EOA trapped by Honeypots,EOA
0x70cbceee26530115a6964ced19447c2189e082d8,EOA trapped by Honeypots,EOA
0x70d1f7c8d0ae8dbaae97fa4b5fc749bb6f668f16,EOA trapped by Honeypots,EOA
0x70eb3bcecdc49615a805f8f0425e1ae2412de9a6,EOA trapped by Honeypots,EOA
0x71cd046b9cfdeca60df12f1f4184d5f3345ac128,EOA trapped by Honeypots,EOA
0x72ebdf38ac84991109dd776ca227bb330264633e,EOA trapped by Honeypots,EOA
0x73749fb0c33238fd1df625de6eaf0749ce4984b1,EOA trapped by Honeypots,EOA
0x749750715595f35a11d9436b6441aa643a2083aa,EOA trapped by Honeypots,EOA
0x7528725b76fb95074ca2ec352963121d0365ce2b,EOA trapped by Honeypots,EOA
0x756942c4edd5f75e87be8af202366fa89f254d8a,EOA trapped by Honeypots,EOA
0x75885d35b3885b1ad994174086dc34ec0d98362b,EOA trapped by Honeypots,EOA
0x761daadae5f84520ebf80d2123a02eea495c2db5,EOA trapped by Honeypots,EOA
0x769a2c236f88cbac30f293d064a3085f473e2088,EOA trapped by Honeypots,EOA
0x77abd15cd6b79420b76332fd9fc29c6a775c86ae,EOA trapped by Honeypots,EOA
0x77b70430498ea57d832e1f02a9e220098c6c93f6,EOA trapped by Honeypots,EOA
0x77d8c672d9fc98e44a036b2b24f51a9613da7e41,EOA trapped by Honeypots,EOA
0x780f42557e6fba598ac22d0a477831248d927ddb,EOA trapped by Honeypots,EOA
0x78356c844ad231420a210675b8da403f778afda6,EOA trapped by Honeypots,EOA
0x78785d883012467e3c2b01fa4f87d91346eaa25d,EOA trapped by Honeypots,EOA
0x78c838da7cba3f6c8f939577c12a3710b2cf261f,EOA trapped by Honeypots,EOA
0x78e294c68f0e7b991e281f784fccb41b18ee4e58,EOA trapped by Honeypots,EOA
0x7942338b500f212086db4dc03f8cd7d793d6b69a,EOA trapped by Honeypots,EOA
0x79c0b9ce5ed3678713028d04c9f1dc0b5c8b1142,EOA trapped by Honeypots,EOA
0x79e3d1302cf347684373459efe55effae614c913,EOA trapped by Honeypots,EOA
0x7a4eb4f892a729fff011d3fd9cf9bbc6c8272737,EOA trapped by Honeypots,EOA
0x7a4fb92848051a64b4688db71ac4aabbcd62e1a7,EOA trapped by Honeypots,EOA
0x7a6d917b4076a2cf91114777884aaadc2751d7a8,EOA trapped by Honeypots,EOA
0x7ad54ee3255b05392aa52942d946fb0664a6c14e,EOA trapped by Honeypots,EOA
0x7b5bd7c9e3a0d0ef50a9b3acf5d1acd58c3590d1,EOA trapped by Honeypots,EOA
0x7b8fec6cc539d72632133f553cd624b164886f83,EOA trapped by Honeypots,EOA
0x7d2bfd191f1fd1be3ec16e5d28e6fee9152e4378,EOA trapped by Honeypots,EOA
0x7d9020c5d972729a1dca1f1ca3d27d72f50a294b,EOA trapped by Honeypots,EOA
0x7e9fcba9f8e678ed52b85d09e07067dc347a3af2,EOA trapped by Honeypots,EOA
0x7fdaaed472656257479ebf98549ed5a14526ba5c,EOA trapped by Honeypots,EOA
0x806941f751a066aa0500fcf5a5fbb80cf3240753,EOA trapped by Honeypots,EOA
0x806c3237ee81a1a175e2b19e44cf846756fabb00,EOA trapped by Honeypots,EOA
0x80819ad04ed454728d279df0e1816583c9315d6d,EOA trapped by Honeypots,EOA
0x80be1b99df34224f7ef0e24f5f03b0372cf9ad42,EOA trapped by Honeypots,EOA
0x825d5d0df3b2d59f69cc673f041ca91a296b8183,EOA trapped by Honeypots,EOA
0x82796cbfe01274ce690ff4df848e275d75656186,EOA trapped by Honeypots,EOA
0x82b9842fbe79a1a5511e4a23a55b37037e24d3d4,EOA trapped by Honeypots,EOA
0x83170aa0df7dcafe0d053e14338f37625931a90c,EOA trapped by Honeypots,EOA
0x832521a601daf4b7efa1f72a235f39c7ff95958e,EOA trapped by Honeypots,EOA
0x849790ffcd68b6da405d9eecc56d832daf5ece30,EOA trapped by Honeypots,EOA
0x84ce448964b498456e1447cc0b1771faf4ebbc9b,EOA trapped by Honeypots,EOA
0x84ecb387395a1be65e133c75ff9e5fcc6f756db3,EOA trapped by Honeypots,EOA
0x8544543ea3620887d24944e63e92fd0a7f026c83,EOA trapped by Honeypots,EOA
0x85699fb928fe4db4271b26119536bca9e8006f7c,EOA trapped by Honeypots,EOA
0x85825d0388e75454e5c0362e3bacc86968006383,EOA trapped by Honeypots,EOA
0x85976d8140150b4390ea1c42c1910ddb13121d0a,EOA trapped by Honeypots,EOA
0x86fa50f8e1ce0798a7502a88941610ae61d396f3,EOA trapped by Honeypots,EOA
0x8779052f3858d70865b11af947c580a0993f9ac6,EOA trapped by Honeypots,EOA
0x87c164bb055238e1da87d260157e25af78b901b6,EOA trapped by Honeypots,EOA
0x880ef7add229f50b5ba32db89ca160fa376bc589,EOA trapped by Honeypots,EOA
0x89535d8899ef1cb58a9885c8e0969dc82a8a59f6,EOA trapped by Honeypots,EOA
0x8981ce4369dc1e24663a241a24a8d1eab9aa5c96,EOA trapped by Honeypots,EOA
0x89a64c31240eee15e8884667ad1877761c63afe6,EOA trapped by Honeypots,EOA
0x89b2191b5b8db94aae968ee30e49a8dc1459f34b,EOA trapped by Honeypots,EOA
0x89f9c77ef5b212018838b1a2a30b790eb467aa8f,EOA trapped by Honeypots,EOA
0x8a1f32676bd197e6e97945b646f2979d521ca8eb,EOA trapped by Honeypots,EOA
0x8a29be2d9b07b274322d4ad33e68f3c903560641,EOA trapped by Honeypots,EOA
0x8a538ca15749881f9b29f43e8d104176b6230835,EOA trapped by Honeypots,EOA
0x8af01f9a0dbbfb58de8f72284f816f6ec3fee5a6,EOA trapped by Honeypots,EOA
0x8af677cca9bad74422876457c6325e41e848d716,EOA trapped by Honeypots,EOA
0x8afb0b1fa338cf3a909f94fd764665525f8365c0,EOA trapped by Honeypots,EOA
0x8bf14e2f9a1d64d0e2f2b311d4771440f2b32d95,EOA trapped by Honeypots,EOA
0x8c59a8cb6aa2b74009ec16c36ac8a8d6a7779b4a,EOA trapped by Honeypots,EOA
0x8c92e7d4d935fdd02222600b97d3a2105f6955e4,EOA trapped by Honeypots,EOA
0x8cd9f9c08c6a3f891bc570f1d6a3dc91c1f62bb0,EOA trapped by Honeypots,EOA
0x8cfdcf4e30e8133ecf8d258c8384c7202dbe2e23,EOA trapped by Honeypots,EOA
0x8d783d84a18a46e2f6b1d60ccdf0dcf0d045e990,EOA trapped by Honeypots,EOA
0x8db1071720ac173684f759ffb438dcbd4ba6deaf,EOA trapped by Honeypots,EOA
0x8dd512843c24c382210a9ccc9c98b8b5eeed97e8,EOA trapped by Honeypots,EOA
0x8e72b43a9f71141999ba4dfaf8b78fb734dd7575,EOA trapped by Honeypots,EOA
0x8ec0b5ca419f4ec233841b13e9d22238e6775beb,EOA trapped by Honeypots,EOA
0x8ed451f07d445860f9fa339dce6e83ae4383e00a,EOA trapped by Honeypots,EOA
0x8fc475098d13fdde44d9f21c9eb3562b569731eb,EOA trapped by Honeypots,EOA
0x90385da3d24d2160c632709d9060fece72a4f42c,EOA trapped by Honeypots,EOA
0x904f3873545f70ec051b7d6af9bcf739d717611b,EOA trapped by Honeypots,EOA
0x90951069003498447392123c83d22bff3d6a4fa7,EOA trapped by Honeypots,EOA
0x909b193128ecd23a1bf0ad111ace0a5c2eb5fa4b,EOA trapped by Honeypots,EOA
0x90af5591e6e44e6ee2b4b3993752a15ce7a315cc,EOA trapped by Honeypots,EOA
0x90d8ae6036dccf30fcd88d70640cdc41df69b5ee,EOA trapped by Honeypots,EOA
0x90.eth,EOA trapped by Honeypots,EOA
0x910510e16bd5f75ba754436c915b2b29c56691be,EOA trapped by Honeypots,EOA
0x91109c5bfdddb24d32dd960463f65567d5fe674d,EOA trapped by Honeypots,EOA
0x930bf42e00d403d7988cd23a8f06b687c5f3ee53,EOA trapped by Honeypots,EOA
0x93edddf175f4a1f1d042d560303df6dbdc72a1dc,EOA trapped by Honeypots,EOA
0x9401d9b9e9e74643d79b2f7d99e7ded4aa1a63a0,EOA trapped by Honeypots,EOA
0x942d39c258d96440c44502bda2d28718b0a50853,EOA trapped by Honeypots,EOA
0x9454145499d2d8f00b8bb263714cb9bb680f5f03,EOA trapped by Honeypots,EOA
0x945c84b2fdd331ed3e8e7865e830626e6cefab94,EOA trapped by Honeypots,EOA
0x946ba2cd970da31c2705d147b940d0ddd28fa56a,EOA trapped by Honeypots,EOA
0x953bdfbda93d06f5d32e40080d699e252d44a0f8,EOA trapped by Honeypots,EOA
0x953e772dfbb13154e5b691fa5d278579f2aeb401,EOA trapped by Honeypots,EOA
0x955f2571936df323c878beca68eb0625ef2aeab2,EOA trapped by Honeypots,EOA
0x957579795f3a9a9b744b144484dd81f5dfccde9d,EOA trapped by Honeypots,EOA
0x968500d70253380a285684e4fff2f6e53d4a60b4,EOA trapped by Honeypots,EOA
0x96d31e409d938448b4285f3acc2ed0ab276746e1,EOA trapped by Honeypots,EOA
0x979349dc5afd1f6f160c92c07d6cb0ffd459dcd0,EOA trapped by Honeypots,EOA
0x97c3fe8bd028f4672dac48d3375dfd2aa4884a68,EOA trapped by Honeypots,EOA
0x97e8788bab3bc0fe292c77b242368e0aebcafbeb,EOA trapped by Honeypots,EOA
0x98162ee6881863c8a9a78da9a134303eb931e53d,EOA trapped by Honeypots,EOA
0x98683074634c1ac0459608c4d96e203e9d4812a3,EOA trapped by Honeypots,EOA
0x987170a03ef7c2ef9c85b083337decb83efc9b30,EOA trapped by Honeypots,EOA
0x998aa1af01ce20936ff3184ee421c2d0d3b295ca,EOA trapped by Honeypots,EOA
0x99ab46812d1e6d2bfbb7a337418da10b15aa159f,EOA trapped by Honeypots,EOA
0x99cf1095e271b979f720eddba13c816baf394e3a,EOA trapped by Honeypots,EOA
0x9a8915901042800ca4306db576d0df618e89b947,EOA trapped by Honeypots,EOA
0x9b06ffcb22773a854c0467b2c05f1b5427133be8,EOA trapped by Honeypots,EOA
0x9b4b2ab267c18acd3ee7cb6527a05aea10e0f3c6,EOA trapped by Honeypots,EOA
0x9bc8384013620a6b20e02251cae6336bb731f715,EOA trapped by Honeypots,EOA
0x9bd5d84d41cb1d95cc2213f4cb2bdb3764d8bf92,EOA trapped by Honeypots,EOA
0x9c9ab63204ce5a014369934f98a2030881c9e5c8,EOA trapped by Honeypots,EOA
0x9e2da890817e7a777f8d8e372af8c5322cb98b19,EOA trapped by Honeypots,EOA
0x9e38a9de9ea94ee31aa4e9fd858bd9cf00a24450,EOA trapped by Honeypots,EOA
0x9eb48ac7b2abbbc0f2ae289db73ba871468e2645,EOA trapped by Honeypots,EOA
0x9ec44e2a628986031a31ba3196cc7afb802114d8,EOA trapped by Honeypots,EOA
0x9ec5ea5015bd19c265990ab0a71b84611739d1ed,EOA trapped by Honeypots,EOA
0x9f39856bb3bdc840fb67a60408c44e77f4269232,EOA trapped by Honeypots,EOA
0x9fa96a6e2833e8bc26062b65c7cc4f025bf0f2c4,EOA trapped by Honeypots,EOA
0x9fb91bf155bc439124cd2fdf4a39513563578ee1,EOA trapped by Honeypots,EOA
0x9fcfe63108f0957aad1c6f2ed30270e8d35c6491,EOA trapped by Honeypots,EOA
0xa0288c9bd9e404cb7df8187d02b986423ccd507d,EOA trapped by Honeypots,EOA
0xa11478933d3da37cd3a7a3753ca6884b1777621e,EOA trapped by Honeypots,EOA
0xa2610556e717f31ee92923331f9e4840f5da5069,EOA trapped by Honeypots,EOA
0xa490c1b2acf686371382aa6886f008877936fb0f,EOA trapped by Honeypots,EOA
0xa4b9f03a9b7485dd9f0e77d109604844737e69b5,EOA trapped by Honeypots,EOA
0xa5302b241f6edb8e9411bb959f142826a2a10667,EOA trapped by Honeypots,EOA
0xa537a25a9f9058e533cf27d9ea84b63f38b70953,EOA trapped by Honeypots,EOA
0xa6a2885c01b6bc91aa214509e3959e3c5eadec67,EOA trapped by Honeypots,EOA
0xa766c20aea829eec7672e7a9cf93bb69bcfbc00c,EOA trapped by Honeypots,EOA
0xa83910bd5aab94c9646d6d72293da75086fc96ee,EOA trapped by Honeypots,EOA
0xa88209eb002265f719964b029dcddb9276f7f76e,EOA trapped by Honeypots,EOA
0xa893844d7cb68d77625963eb4d5c99722f58d143,EOA trapped by Honeypots,EOA
0xa8b7db2017522e8cc43c91367c7dc7d297d84a08,EOA trapped by Honeypots,EOA
0xa9287d8d7fccdf6982e41508663ba2447aa17229,EOA trapped by Honeypots,EOA
0xa9405926aa26d16e5bfe3b24ca905d8b4d0a6cd4,EOA trapped by Honeypots,EOA
0xa986a4995b279342765f047a36915b2461c852a0,EOA trapped by Honeypots,EOA
0xa9d0704bb8660e77abf47998fb741a83bd5c66b9,EOA trapped by Honeypots,EOA
0xaa2ab0c165060267cf4099ca8f6932f3f9ebb6d5,EOA trapped by Honeypots,EOA
0xab25461aca4f3c24db49b8b676625df08bfc6f11,EOA trapped by Honeypots,EOA
0xabcded3c9bd09729c23ac5d678659cecba6a8a0a,EOA trapped by Honeypots,EOA
0xac58edd8235db28cc618756546894a015a6d433d,EOA trapped by Honeypots,EOA
0xac713856352148b69e21f8c5f78e293c76238522,EOA trapped by Honeypots,EOA
0xac8296249eb0a11e6ba2f64950c37b4f8d3119fa,EOA trapped by Honeypots,EOA
0xac912acfc9e50c877180555eb1823eb88cf9c235,EOA trapped by Honeypots,EOA
0xacfb0c52b24fe7378439dca7910b7411bb5729dd,EOA trapped by Honeypots,EOA
0xaef3a90a83c29ec6f0c2171b905fadc615a1dd15,EOA trapped by Honeypots,EOA
0xaf6ce95671775286cd874abeb950bb7ec56f3220,EOA trapped by Honeypots,EOA
0xaf9c458d2cf138eaf9311cb54809ef688e733c9e,EOA trapped by Honeypots,EOA
0xb04502b0b8a0b52ca0eadd822e28bdfa6624ed60,EOA trapped by Honeypots,EOA
0xb04b473418b6f09e5a1f809ae2d01f14211e03ff,EOA trapped by Honeypots,EOA
0xb07357613d2ce078b38c1165b6da3f1da078b0ef,EOA trapped by Honeypots,EOA
0xb092087d92e721833092fa50779d32ce4caf5a6f,EOA trapped by Honeypots,EOA
0xb1d14a6a02fc928e4d0b8fb9b75621785cc85483,EOA trapped by Honeypots,EOA
0xb23b1b4ee31d0b243f32ebcfeeebdf0150bfc836,EOA trapped by Honeypots,EOA
0xb327d112a560f832765a12c72451de40af3c2be2,EOA trapped by Honeypots,EOA
0xb412b96dbe138da98be8e475f632e1a8f0037748,EOA trapped by Honeypots,EOA
0xb422ff8722bb4bff21ca9502c4265811867b38a7,EOA trapped by Honeypots,EOA
0xb4d67f181fff576a744b1a6c5606bae0c216990f,EOA trapped by Honeypots,EOA
0xb4f2930ecbab1a07ac21300141153a21a490eb2e,EOA trapped by Honeypots,EOA
0xb50cdea200bb55b7d4bcfd3d280a12b37da44ce2,EOA trapped by Honeypots,EOA
0xb53d897d5da0c8963483bd0c76a1fc69f1a3b357,EOA trapped by Honeypots,EOA
0xb5847c8eb3f132f5f7140862702b3365bf59f243,EOA trapped by Honeypots,EOA
0xb59bb61ccb72694a0481517b7af3da7ec66a95ad,EOA trapped by Honeypots,EOA
0xb740111cae79c0a88be6c02dc2f32f53cdf89c17,EOA trapped by Honeypots,EOA
0xb7477e3664bef964779a8624b7672979592d52d2,EOA trapped by Honeypots,EOA
0xb808fdb7aeba0694f14d2d494d398d5ac4ced3fc,EOA trapped by Honeypots,EOA
0xb8b47e70dd5046882cb32152796ac63ab40cc596,EOA trapped by Honeypots,EOA
0xb98fde3d53c4567d00d7afb9061f0c3259932ad9,EOA trapped by Honeypots,EOA
0xb9d2b8b45fd663adcae9a044f2d3207042e2e886,EOA trapped by Honeypots,EOA
0xba9f1801a627612f4fa14eee28803199c429dbd2,EOA trapped by Honeypots,EOA
0xbabb320b69ba0c7b3c3c4ae67b1e6ccef420e5bf,EOA trapped by Honeypots,EOA
0xbb074b2d1d0f900db2cf12847cd4463d78985bd2,EOA trapped by Honeypots,EOA
0xbb2a41c0b83c1a66fddff1fa5ea1b60cf702063a,EOA trapped by Honeypots,EOA
0xbe2775f4ecbb17083207ca5195f84b8803d5b78e,EOA trapped by Honeypots,EOA
0xbe2f2f561eb447df5c1feeca438f2a408cb99775,EOA trapped by Honeypots,EOA
0xbf16a49ba801203d7086d4c5de84ca77cc2ee182,EOA trapped by Honeypots,EOA
0xbfb8379a1a0868e18a5608bdd3fca866552a2e9e,EOA trapped by Honeypots,EOA
0xbfd988e2c8ec5ed5c0a5083c7da23dd558b1f244,EOA trapped by Honeypots,EOA
0xbff8442b2ea53cb1f4cb69a7040d4eb268e3ac6e,EOA trapped by Honeypots,EOA
0xc02067c22c96b160743dec4f2f209eafacdaec85,EOA trapped by Honeypots,EOA
0xc10b2c8210b82b3db196abcf340161baefd0965d,EOA trapped by Honeypots,EOA
0xc114f48b3f9828e68bf253f0b9cfb713fc54eb44,EOA trapped by Honeypots,EOA
0xc14183ec633253b0cc53ab66fa7fa62c393f5066,EOA trapped by Honeypots,EOA
0xc1597dc99d04c2af212917fcdf2df23f203fd06e,EOA trapped by Honeypots,EOA
0xc1a5ef46147ea575372b357e7ab9d98d1d10aafe,EOA trapped by Honeypots,EOA
0xc1e65a7390df148b8b781986d51b42fdf44ae89f,EOA trapped by Honeypots,EOA
0xc290eb18be56ad0889d4bbbc4700b8d491107778,EOA trapped by Honeypots,EOA
0xc2c7b3b79ce2d51516d2143d9661167a761a6c02,EOA trapped by Honeypots,EOA
0xc2d082f35b6c1688ffcc17c3bae0792c59a9cd11,EOA trapped by Honeypots,EOA
0xc2d728cba36aee9f704393b7291f0b573473df11,EOA trapped by Honeypots,EOA
0xc3131788744112076d97df662f3cd54751f39858,EOA trapped by Honeypots,EOA
0xc35b7bcb8b0061a6ccaad10dcddf98be2281a158,EOA trapped by Honeypots,EOA
0xc4126a64c546677146ffb3f3d5a6f6d5a2f94df1,EOA trapped by Honeypots,EOA
0xc46f36724f138703f82280946df6a95809fcc5f2,EOA trapped by Honeypots,EOA
0xc4edd0509cf9c4105b7c18906e493ae2b2645537,EOA trapped by Honeypots,EOA
0xc5c568989ebc09e862b5b6f7198a00c77ec50905,EOA trapped by Honeypots,EOA
0xc5d3d267187de183420adf4f8aa997dad97ba533,EOA trapped by Honeypots,EOA
0xc689d429a857cea2663416a7c048f54e0ab829a4,EOA trapped by Honeypots,EOA
0xc69813330f3de03f013f0ad368451624d6556ce4,EOA trapped by Honeypots,EOA
0xc6bcb758155c2204c2ed89efbd0505e064242f09,EOA trapped by Honeypots,EOA
0xc73bc4abce2f99bd7b51142311ddfeda8b818417,EOA trapped by Honeypots,EOA
0xc89aae58fd4d9b69a26595615703595aa782734b,EOA trapped by Honeypots,EOA
0xc8a17cee29b0be6929275f275b6691289baf124e,EOA trapped by Honeypots,EOA
0xc9674efb828db1d13175bc39ac6ac8972dc09ec6,EOA trapped by Honeypots,EOA
0xca480612e0e4125169a2eb3fca56cbf754185795,EOA trapped by Honeypots,EOA
0xcb95d61c484592d911db79bc9c10c84b22cc552e,EOA trapped by Honeypots,EOA
0xcc4683cbbf00890857e4ff51e25c26b46538fcb2,EOA trapped by Honeypots,EOA
0xcc63deced44edc6be6b66088f35ed55dffb89e56,EOA trapped by Honeypots,EOA
0xcd342972e9721c0de0adaa4cf223ec93294effac,EOA trapped by Honeypots,EOA
0xcd92d9db6599ab392b94b055903ca16af7cb9e6f,EOA trapped by Honeypots,EOA
0xcdd4a102e69192e87fcffde9b6a42bf573cd7a9a,EOA trapped by Honeypots,EOA
0xce3f760adef206d1c940feacff9bc48dbf291a25,EOA trapped by Honeypots,EOA
0xcf443872974e00d80ddb0e6a1e8b4477eba64b8b,EOA trapped by Honeypots,EOA
0xd00c312fb8a7686c05bf79425b345b2371e4cc97,EOA trapped by Honeypots,EOA
0xd0164579de0333c640447d250976cd466330b10b,EOA trapped by Honeypots,EOA
0xd0c47f73cc4db046be0301b3d84aac06a9cdff7d,EOA trapped by Honeypots,EOA
0xd140615679655ae94f62f689875169985ff93ab6,EOA trapped by Honeypots,EOA
0xd1e88e048fc8f8ba954f1dbb260c811c0793c67b,EOA trapped by Honeypots,EOA
0xd28d5c418574a81344cd800b2d02acf0ea6ba5c3,EOA trapped by Honeypots,EOA
0xd32c4014c2ca2e15d125c78f341015f9c64e99ed,EOA trapped by Honeypots,EOA
0xd380e397285c43631d85805d91c7e2bffa0cdffc,EOA trapped by Honeypots,EOA
0xd3992f22d86c7d09ed502d6b5f5d400617767c20,EOA trapped by Honeypots,EOA
0xd43cfb041655acecc77dea41dafae8166f8ce0ff,EOA trapped by Honeypots,EOA
0xd47df21207181152dffc749eb3a66d8d91eb204a,EOA trapped by Honeypots,EOA
0xd4e4bf9cd82d7f9fc589d4b288174ce1edfae2b6,EOA trapped by Honeypots,EOA
0xd4f7537189200566e02cf967acbaabce7e0297b8,EOA trapped by Honeypots,EOA
0xd58d5d7657e86007f201654a6144889671bcca2e,EOA trapped by Honeypots,EOA
0xd76500f49c1e24b6f07778c5ab7c51059c9e0751,EOA trapped by Honeypots,EOA
0xd7abd9d82fa7b9d25ae2f0bad3a2c9809dc9c422,EOA trapped by Honeypots,EOA
0xd85c8c32b0c49496054bd34ea926dadc13e79da3,EOA trapped by Honeypots,EOA
0xd873dee56f4ba2fde59000ded73a271e58302a02,EOA trapped by Honeypots,EOA
0xd87726b3b3fb02bc68c81331b339d1053ee32cb7,EOA trapped by Honeypots,EOA
0xd8c9c8069d851e626b3edc4d46d927550d568e56,EOA trapped by Honeypots,EOA
0xd8fa9c65623129fa4abaf44b7e21655d1ef835ce,EOA trapped by Honeypots,EOA
0xd93ce0a83abc5e3f0a75b51e87ab5da2ee0caeae,EOA trapped by Honeypots,EOA
0xd9568b38482225d63f141cd28c2681c983558313,EOA trapped by Honeypots,EOA
0xd956dc00b2853cb3c9512220baed193503634da1,EOA trapped by Honeypots,EOA
0xda535c77b475911f1fdf2f39b24d4659b17ceefd,EOA trapped by Honeypots,EOA
0xda840901d6e4959f6ba7be677591b021f3a3cf62,EOA trapped by Honeypots,EOA
0xdacffc7d8fce83b442aedc85f132d12609be33d3,EOA trapped by Honeypots,EOA
0xdad1e56c8f762233eb8035ae58b2463ca27a3a2b,EOA trapped by Honeypots,EOA
0xdafa91f034c8c38b9f4b5c7b2350c1a22b45159d,EOA trapped by Honeypots,EOA
0xdb0cbfcfaf28c295aa8bd6d2c03ca4cddc133b56,EOA trapped by Honeypots,EOA
0xdc78e37377eb0493cb41bd1900a541626fdc2f02,EOA trapped by Honeypots,EOA
0xdca08ba916595b4d79ea563ed9262adc472f951d,EOA trapped by Honeypots,EOA
0xddf7574c997edbb91c578d79e4dafe43bd95b5aa,EOA trapped by Honeypots,EOA
0xde7e8e80aa3591377e414e2205ae16e7942685e2,EOA trapped by Honeypots,EOA
0xdf253fed692f1f33c21d9d9d038de0bac09363e3,EOA trapped by Honeypots,EOA
0xe044a6e035d13d8312d64608e6fe765a9fcddaa7,EOA trapped by Honeypots,EOA
0xe04c3f91b0c00a4f077cb03c186c0754a92ca4cc,EOA trapped by Honeypots,EOA
0xe05fff081fb3797303961813e5cd340ac010774f,EOA trapped by Honeypots,EOA
0xe06b3535ae526165870a920a19a06a7e875c0ba6,EOA trapped by Honeypots,EOA
0xe0936487d2e27e76eb95969de78a5d22a8198ab4,EOA trapped by Honeypots,EOA
0xe0da38ec766b28e0363752609d50bed369f235c9,EOA trapped by Honeypots,EOA
0xe0da8ed5b7b775b5fdf285131646fe2f54ef0005,EOA trapped by Honeypots,EOA
0xe20df59ecc01ee28e3e794d64f37c6961bae495c,EOA trapped by Honeypots,EOA
0xe2918fdb252f7044d1d7fd0b2ccec5377525cb17,EOA trapped by Honeypots,EOA
0xe2b0773a67dfd026b04ea9a6c028c549364fe791,EOA trapped by Honeypots,EOA
0xe2bff7b247f41c9b38e13203eb8ddad5dcbfb633,EOA trapped by Honeypots,EOA
0xe2f3874a5b7b5016aa66d4df745c5e3a045ce6f3,EOA trapped by Honeypots,EOA
0xe33a957989a693f7eef242e994f3d4a829250625,EOA trapped by Honeypots,EOA
0xe360a260a28420453b227d570cacd6ac5d0144a5,EOA trapped by Honeypots,EOA
0xe378f04f96fc532fa3345bb3d10696b9d00cb8a0,EOA trapped by Honeypots,EOA
0xe3f061d9724f0daacaada6438b32e7492f2bf251,EOA trapped by Honeypots,EOA
0xe49f2b735d01ecd464b0a864e2e4d47c22630aaf,EOA trapped by Honeypots,EOA
0xe4c846feba42757aef150f20395cfd7769f9e552,EOA trapped by Honeypots,EOA
0xe5045f38b8a6155ea3a4b2e2dda1125862ca87f2,EOA trapped by Honeypots,EOA
0xe64835a812a5714f56cfc697202108835e368a62,EOA trapped by Honeypots,EOA
0xe668ac2d4fe113385c9384bd3a83eaa9e8e3fd86,EOA trapped by Honeypots,EOA
0xe66aa5b72ff62a31b22625341dbd70905f04d2c3,EOA trapped by Honeypots,EOA
0xe66b15388bdbeb52c9655bfb2b259095b9a9296e,EOA trapped by Honeypots,EOA
0xe68fc89a36ecfc592ee7f4aef299877ffacaeaec,EOA trapped by Honeypots,EOA
0xe74005970f3f2c0073bca79336a9d5c73f957a49,EOA trapped by Honeypots,EOA
0xe81dcf78401248d2bed154625b2066ca1f004a90,EOA trapped by Honeypots,EOA
0xe8b0109e7c758645af9c5ecef9622d647d6fe21d,EOA trapped by Honeypots,EOA
0xe8dd6d6574fffc92771c298804e8d3b4f3290114,EOA trapped by Honeypots,EOA
0xe9485ab6b348b837eeae3104546a8741649346a6,EOA trapped by Honeypots,EOA
0xe995359ee0f8e7e8ca26a035502606bf72213417,EOA trapped by Honeypots,EOA
0xea2f188a5ede05637c6a34012c7845b08a388363,EOA trapped by Honeypots,EOA
0xea996d31226fda92b599b0e0f3f0cf7d11139030,EOA trapped by Honeypots,EOA
0xebef930796883e0a1d2f8964aed7a59fe64e68e6,EOA trapped by Honeypots,EOA
0xec31176d4df0509115abc8065a8a3f8275aaff2b,EOA trapped by Honeypots,EOA
0xed081ea02ca571e61309f163226abe4a4685684d,EOA trapped by Honeypots,EOA
0xed4cc1020af81da1509c2305ac09bd212758b8aa,EOA trapped by Honeypots,EOA
0xed5c28a9af5fb21b14b08236af432e6d6a9d8a39,EOA trapped by Honeypots,EOA
0xed754efae4a17f7eb6b9a34abbfe0f9234af57e4,EOA trapped by Honeypots,EOA
0xeda42c6984de637cc5b903f5bedb025a81fcd1e5,EOA trapped by Honeypots,EOA
0xee044b352b0517a9bb34d8a2790a7d53504e2f86,EOA trapped by Honeypots,EOA
0xeecc3e4c61e45cc55714238d2135993358e27396,EOA trapped by Honeypots,EOA
0xef03f96e8a8389f1815ebea184f460513dd814b6,EOA trapped by Honeypots,EOA
0xef14091aef86e9fdd85a7c3635caeaf66ca53191,EOA trapped by Honeypots,EOA
0xf0ea986524d692f920631978feaf1a642a242a95,EOA trapped by Honeypots,EOA
0xf115359ccd7f229eef77b4874543ea1f175d070a,EOA trapped by Honeypots,EOA
0xf13ecd2c3b4e7c360ec996197699c8ea8e8f903c,EOA trapped by Honeypots,EOA
0xf189bda172ddc4b6250b8c2cfbc174af18d3ad29,EOA trapped by Honeypots,EOA
0xf2146a24ed8c06b31fda944f476ca7b85738afa2,EOA trapped by Honeypots,EOA
0xf23d5dcccb32f1f694b76054f1a42415deb6d184,EOA trapped by Honeypots,EOA
0xf2bf3046be4fe76de367b0b3b00610456b29007e,EOA trapped by Honeypots,EOA
0xf2eb12b2dd0f8b3617dd25aa8b3bd36ba5b6c8f0,EOA trapped by Honeypots,EOA
0xf31b2464d8a4000af69e4e4824593b32aa242a4e,EOA trapped by Honeypots,EOA
0xf39fa9d47e8c31517a05b9b88f6b0591e767676b,EOA trapped by Honeypots,EOA
0xf3a7c0ce518fdba4a02d01a80108d5f250044363,EOA trapped by Honeypots,EOA
0xf403366bb37c4a83be01d0d942dc26c446dd7e6c,EOA trapped by Honeypots,EOA
0xf424c4c755848ffbbabc3410fa6630daa508f2f2,EOA trapped by Honeypots,EOA
0xf428237037e5c0acf0751f9b42b83d7b4903d305,EOA trapped by Honeypots,EOA
0xf4bbc9b4062d49e9a515e63debaf95fb8ea2eae8,EOA trapped by Honeypots,EOA
0xf5e3bc3680fa475a9e39f39eb3f9419f1e4a15c6,EOA trapped by Honeypots,EOA
0xf60b2be86e9aa2bcf82c5aa3c1747843f1a7aac1,EOA trapped by Honeypots,EOA
0xf6310b07f0c7e5fd142b648d448ee75d4fbf82b7,EOA trapped by Honeypots,EOA
0xf6a1f4e556d118e24192c2107500a35c9a2c43ad,EOA trapped by Honeypots,EOA
0xf6a9b2dc5a14613b79f34e715bc58729b9c9ab01,EOA trapped by Honeypots,EOA
0xf7375812cf5b5bb76d32572a5313092bdf583bca,EOA trapped by Honeypots,EOA
0xf78c208e3578be35bc1f5468cd2559d70a0b72f0,EOA trapped by Honeypots,EOA
0xf9172446f3b6f0d027ef8f0a7fafa117ff5439c2,EOA trapped by Honeypots,EOA
0xf930a6eb06423ec4d5131bee8c62c3891db6ff00,EOA trapped by Honeypots,EOA
0xf975d98bd0a21435c6c764beca1eeb1c1c656a2b,EOA trapped by Honeypots,EOA
0xfa664c1c4620b3003f0e33d5d012bac112b50b75,EOA trapped by Honeypots,EOA
0xfb026b6b46abbe86830e12104f032e60d9d0bc96,EOA trapped by Honeypots,EOA
0xfb1dcd55401c583e6d918c571749478364cc5f28,EOA trapped by Honeypots,EOA
0xfb272246c70bdd665d8d9f3d34f1abbc86a50612,EOA trapped by Honeypots,EOA
0xfbfbc303356a7c9fe931d512e19cee848a979aac,EOA trapped by Honeypots,EOA
0xfc2ed4f7c1a9ad041343b7e0da740658784c92f6,EOA trapped by Honeypots,EOA
0xfd5fe377374a348856580f5a11beaba5f4a5dc49,EOA trapped by Honeypots,EOA
0xfdabfbab5e12829a4ef3a87903d211e36af2ea78,EOA trapped by Honeypots,EOA
0xfdc78a2de100d6c282bcf4e34f17e4c81d99eb4b,EOA trapped by Honeypots,EOA
0xfddb0debe1a5706591f2f9da3596f8f253a50458,EOA trapped by Honeypots,EOA
0xfdf4e2a12bbc5b2e2ee8886fbba8431c0b7404f3,EOA trapped by Honeypots,EOA
0xfe771f806c2cb5f320242fb3878d6bd7dc873d74,EOA trapped by Honeypots,EOA
0xfea0904acc8df0f3288b6583f60b86c36ea52acd,EOA trapped by Honeypots,EOA
0xfed5cc8f2dd2c86129396f779fc5d62ffe0d0242,EOA trapped by Honeypots,EOA
0xff136db16c47fc2e29ad62bdb9fc3f33532dcbe6,EOA trapped by Honeypots,EOA
0xffcaa05e2f5abbe8dcef0245079866649aaebf68,EOA trapped by Honeypots,EOA
0xffefadf5afa3274a8f90360d4a2b9e59516aff8c,EOA trapped by Honeypots,EOA
